股票代码,股票名称,当前价,涨跌额,涨跌额,年初至今,成交量,成交额,换手率,市盈率（TTM）,股息率,市值
SH688517,金冠电气,26.99,+4.46,+19.80%,+134.90%,1386.73万,3.48亿,16.94%,42.92,0.74%,36.74亿
SH688659,元琛科技,14.02,+1.92,+15.87%,,1908.00万,2.50亿,21.70%,491.55,0.00%,22.43亿
SH688778,厦钨新能,71.21,+7.86,+12.41%,,729.16万,5.13亿,7.72%,20.95,0.70%,214.02亿
SH688793,倍轻松,53.99,+5.79,+12.01%,+10.12%,202.42万,1.05亿,8.74%,-,0.00%,33.28亿
SH688658,悦康药业,23.13,+2.13,+10.14%,+19.72%,1001.67万,2.25亿,4.90%,29.17,4.76%,104.09亿
SH688067,爱威科技,23.30,+2.04,+9.60%,+24.40%,513.74万,1.18亿,12.79%,110.96,0.43%,15.84亿
SH688117,圣诺生物,34.18,+2.80,+8.92%,+53.83%,444.15万,1.50亿,9.94%,42.58,0.73%,27.34亿
SH688800,瑞可达,76.30,+5.86,+8.32%,,229.99万,1.72亿,3.38%,36.29,0.68%,86.34亿
SH688279,峰岹科技,83.00,+6.37,+8.31%,,98.30万,8060.65万,1.78%,53.34,0.58%,76.66亿
SH688210,统联精密,24.40,+1.84,+8.16%,+10.56%,108.84万,2570.61万,1.49%,33.47,1.07%,27.33亿
SH688159,有方科技,22.69,+1.70,+8.10%,+55.95%,273.09万,6064.83万,3.10%,-,0.00%,20.80亿
SH688600,皖仪科技,28.35,+2.10,+8.00%,+13.49%,267.59万,7523.99万,3.89%,64.85,0.70%,37.92亿
SH688409,富创精密,99.90,+7.15,+7.71%,,455.74万,4.53亿,9.75%,85.51,0.70%,208.84亿
SH688260,昀冢科技,15.31,+1.05,+7.36%,+10.06%,212.59万,3193.59万,3.12%,-,0.00%,18.37亿
SH688348,昱能科技,289.65,+19.15,+7.08%,,255.96万,7.45亿,13.36%,51.79,0.76%,231.72亿
SH688177,百奥泰,28.45,+1.88,+7.08%,+30.62%,288.97万,8095.78万,0.70%,-,0.00%,117.81亿
SH688531,日联科技,160.30,+10.30,+6.87%,+5.20%,87.14万,1.36亿,5.01%,158.94,0.19%,127.29亿
SH688566,吉贝尔,29.66,+1.85,+6.65%,+38.47%,207.49万,6016.52万,2.57%,33.79,1.62%,55.45亿
SH688529,豪森股份,24.12,+1.48,+6.54%,+8.80%,249.58万,5917.21万,5.31%,33.91,0.46%,30.87亿
SH688073,毕得医药,122.82,+7.47,+6.48%,+49.51%,50.80万,6172.67万,3.64%,50.63,1.25%,79.73亿
SH688331,荣昌生物,63.70,+3.86,+6.45%,,168.12万,1.04亿,1.05%,-,0.00%,346.70亿
SH688182,灿勤科技,19.05,+1.15,+6.42%,+65.94%,532.86万,1.01亿,5.55%,108.38,0.37%,76.20亿
SH688223,晶科能源,12.03,+0.72,+6.37%,,5416.82万,6.45亿,2.76%,28.69,0.74%,1203.00亿
SH688349,三一重能,36.50,+2.09,+6.07%,+24.62%,664.60万,2.43亿,4.67%,28.31,1.18%,434.16亿
SH688378,奥来德,63.00,+3.55,+5.97%,+24.75%,176.06万,1.10亿,2.63%,53.13,1.59%,64.68亿
SH688268,华特气体,76.90,+4.30,+5.92%,+3.57%,294.62万,2.22亿,2.45%,44.68,0.52%,92.52亿
SH688128,中国电研,27.29,+1.50,+5.82%,+59.78%,1175.78万,3.02亿,2.91%,29.31,1.47%,110.39亿
SH688032,禾迈股份,528.03,+28.24,+5.65%,,140.84万,7.52亿,5.04%,47.57,1.00%,295.70亿
SH688390,固德威,272.15,+14.27,+5.53%,,435.82万,11.90亿,5.40%,34.34,0.59%,335.29亿
SH688146,中船特气,43.92,+2.24,+5.37%,+21.49%,750.11万,3.21亿,12.70%,61.76,-,232.52亿
SH688234,天岳先进,80.03,+4.03,+5.30%,+2.60%,158.41万,1.24亿,1.13%,-,0.00%,343.90亿
SH688090,瑞松科技,28.39,+1.43,+5.30%,+16.35%,150.09万,4170.61万,2.91%,-,0.46%,19.12亿
SH688676,金盘科技,31.41,+1.57,+5.26%,,499.02万,1.55亿,2.60%,40.83,0.80%,134.13亿
SH688248,南网科技,39.99,+1.99,+5.24%,,554.99万,2.19亿,6.83%,97.52,0.31%,225.82亿
SH688372,伟测科技,127.43,+6.31,+5.21%,+33.80%,224.49万,2.82亿,11.97%,49.25,0.67%,111.13亿
SH688599,天合光能,46.58,+2.29,+5.17%,,2289.80万,10.58亿,1.72%,20.64,1.03%,1012.30亿
SH688525,佰维存储,69.36,+3.36,+5.09%,+331.88%,912.85万,6.18亿,26.24%,-,0.00%,298.48亿
SH688208,道通科技,32.41,+1.56,+5.06%,+2.73%,1156.42万,3.69亿,2.56%,132.30,0.00%,146.45亿
SH688696,极米科技,166.16,+7.96,+5.03%,,80.81万,1.31亿,1.77%,26.91,1.29%,116.31亿
SH688156,路德环境,34.49,+1.65,+5.02%,+15.16%,173.25万,5881.96万,2.43%,123.66,0.87%,31.86亿
SH688556,高测股份,45.25,+2.15,+4.99%,,835.61万,3.76亿,3.51%,14.07,0.55%,144.39亿
SH688255,凯尔达,37.00,+1.70,+4.82%,+43.91%,83.28万,3051.84万,1.69%,95.01,0.70%,29.01亿
SH688226,威腾电气,18.19,+0.83,+4.78%,,366.55万,6597.51万,4.45%,41.52,0.76%,28.38亿
SH688376,美埃科技,34.88,+1.58,+4.74%,+11.51%,87.32万,3008.52万,2.83%,36.14,0.29%,46.88亿
SH688191,智洋创新,14.26,+0.64,+4.70%,+12.46%,386.20万,5450.66万,5.28%,296.51,0.84%,21.89亿
SH688670,金迪克,58.50,+2.62,+4.69%,+36.08%,55.48万,3166.12万,1.81%,63.92,0.34%,51.48亿
SH688699,明微电子,54.43,+2.43,+4.67%,+18.61%,182.66万,9692.31万,3.49%,-,1.84%,59.91亿
SH688737,中自科技,39.79,+1.76,+4.63%,+5.21%,109.15万,4252.60万,2.42%,-,0.00%,34.23亿
SH688002,睿创微纳,50.91,+2.17,+4.45%,+36.89%,486.31万,2.43亿,1.09%,59.82,0.22%,227.72亿
SH688386,泛亚微透,42.80,+1.80,+4.39%,,71.57万,3020.18万,1.51%,120.41,1.17%,29.96亿
SH688148,芳源股份,11.51,+0.48,+4.35%,,564.72万,6429.71万,1.48%,724.76,0.00%,58.89亿
SH688779,长远锂科,11.82,+0.49,+4.32%,,1425.74万,1.67亿,1.41%,19.22,1.96%,228.03亿
SH688053,思科瑞,53.69,+2.22,+4.31%,,59.31万,3110.09万,2.59%,52.66,0.00%,53.69亿
SH688150,莱特光电,20.88,+0.86,+4.30%,+7.91%,226.44万,4633.09万,1.54%,86.84,0.48%,84.03亿
SH688082,盛美上海,106.02,+4.33,+4.26%,+32.69%,257.17万,2.67亿,3.44%,57.81,0.35%,459.66亿
SH688270,臻镭科技,76.97,+3.13,+4.24%,,130.05万,9788.50万,2.10%,77.80,0.39%,84.06亿
SH688503,聚和材料,110.60,+4.49,+4.23%,,82.88万,9121.12万,3.49%,30.07,0.49%,123.77亿
SH688683,莱尔科技,22.20,+0.89,+4.18%,+10.94%,63.12万,1374.95万,1.19%,75.74,0.45%,34.43亿
SH688311,盟升电子,64.60,+2.59,+4.18%,,109.90万,6998.53万,1.64%,392.69,0.00%,74.32亿
SH688777,中控技术,98.79,+3.95,+4.16%,+8.76%,343.17万,3.31亿,0.93%,64.42,0.76%,534.93亿
SH688120,华海清科,346.51,+13.81,+4.15%,+54.31%,86.98万,2.97亿,3.47%,61.17,0.14%,369.61亿
SH688596,正帆科技,38.90,+1.55,+4.15%,+14.58%,227.66万,8803.38万,1.03%,41.35,0.00%,106.93亿
SH688329,艾隆科技,32.46,+1.29,+4.14%,,86.02万,2747.68万,1.91%,23.79,1.54%,25.06亿
SH688037,芯源微,254.18,+9.99,+4.09%,+62.42%,289.76万,7.18亿,3.13%,100.72,0.16%,235.42亿
SH688510,航亚科技,18.64,+0.72,+4.02%,+17.23%,255.69万,4675.06万,1.54%,157.25,0.00%,48.16亿
SH688205,德科立,62.00,+2.38,+3.99%,+24.30%,213.59万,1.28亿,9.15%,66.37,0.52%,60.31亿
SH688621,阳光诺和,62.65,+2.40,+3.98%,,82.54万,5123.34万,1.19%,41.16,0.69%,70.17亿
SH689009,九号公司...,35.08,+1.34,+3.97%,+15.05%,305.98万,1.06亿,0.60%,58.34,0.00%,250.63亿
SH688680,海优新材,118.31,+4.51,+3.96%,,205.73万,2.43亿,3.95%,-,0.10%,99.40亿
SH688335,复洁环保,25.14,+0.95,+3.93%,+20.81%,90.42万,2232.64万,1.31%,20.01,1.51%,25.61亿
SH688063,派能科技,235.75,+8.87,+3.91%,,456.47万,10.81亿,5.45%,25.35,0.93%,414.04亿
SH688170,德龙激光,39.92,+1.50,+3.90%,,126.01万,4985.21万,1.92%,85.10,1.00%,41.26亿
SH688630,芯碁微装,69.44,+2.59,+3.87%,,127.63万,8768.23万,1.86%,55.77,0.00%,83.88亿
SH688305,科德数控,91.50,+3.40,+3.86%,+3.39%,131.35万,1.19亿,2.73%,106.83,0.00%,85.26亿
SH688707,振华新材,32.96,+1.17,+3.68%,,344.84万,1.13亿,1.24%,14.59,2.12%,145.99亿
SH688518,联赢激光,26.34,+0.93,+3.66%,,437.39万,1.15亿,1.74%,26.13,0.46%,88.84亿
SH688059,华锐精密,112.00,+3.92,+3.63%,,31.58万,3446.19万,1.25%,32.79,1.07%,49.29亿
SH688663,新风光,32.74,+1.14,+3.61%,,272.01万,8862.77万,3.15%,34.70,1.22%,45.82亿
SH688308,欧科亿,51.58,+1.78,+3.57%,,122.14万,6192.65万,1.85%,23.73,1.36%,58.09亿
SH688167,炬光科技,100.45,+3.45,+3.56%,+7.63%,206.21万,2.06亿,3.14%,74.32,0.42%,90.77亿
SH688345,博力威,38.30,+1.31,+3.54%,,55.06万,2092.46万,2.28%,48.24,1.04%,38.30亿
SH688200,华峰测控,239.00,+8.10,+3.51%,,89.88万,2.11亿,0.99%,45.46,0.59%,217.67亿
SH688516,奥特维,172.82,+5.82,+3.49%,,87.28万,1.49亿,1.16%,32.34,0.92%,267.57亿
SH688069,德林海,28.30,+0.95,+3.47%,+9.69%,38.86万,1088.10万,0.76%,61.85,0.67%,23.55亿
SH688667,菱电电控,69.78,+2.33,+3.45%,,29.76万,2054.59万,1.49%,66.30,0.21%,36.15亿
SH688819,天能股份,35.81,+1.19,+3.44%,,300.00万,1.07亿,2.29%,16.67,1.68%,348.11亿
SH688072,拓荆科技,394.00,+13.00,+3.41%,+81.78%,237.27万,9.27亿,3.45%,114.79,0.07%,498.33亿
SH688682,霍莱沃,81.21,+2.67,+3.40%,+2.20%,32.29万,2585.41万,1.04%,81.45,0.44%,42.19亿
SH688261,东微半导,184.52,+6.03,+3.38%,,51.60万,9363.04万,1.34%,40.40,0.80%,124.32亿
SH688408,中信博,72.38,+2.36,+3.37%,,202.71万,1.46亿,2.78%,106.62,0.14%,98.23亿
SH688536,思瑞浦,235.00,+7.62,+3.35%,,49.30万,1.15亿,0.75%,159.59,0.09%,282.46亿
SH688035,德邦科技,56.10,+1.80,+3.31%,+8.70%,156.28万,8664.06万,5.07%,61.43,0.54%,79.80亿
SH688202,美迪西,142.58,+4.56,+3.30%,,135.01万,1.89亿,2.04%,34.22,0.27%,124.07亿
SH688129,东来技术,13.80,+0.44,+3.29%,+5.26%,93.01万,1267.89万,2.24%,122.36,0.00%,16.56亿
SH688697,纽威数控,25.14,+0.80,+3.29%,+10.21%,443.04万,1.10亿,5.71%,29.22,1.59%,82.12亿
SH688295,中复神鹰,36.37,+1.15,+3.27%,,222.84万,8042.58万,1.77%,52.93,0.28%,327.33亿
SH688320,禾川科技,33.02,+1.04,+3.25%,,124.44万,4079.78万,1.47%,54.17,0.55%,49.86亿
SH688020,方邦股份,49.14,+1.54,+3.24%,,122.88万,5987.54万,1.53%,-,0.00%,39.42亿
SH688084,晶品特装,77.45,+2.43,+3.24%,,13.38万,1021.75万,0.77%,157.06,0.39%,58.60亿
SH688385,复旦微电,53.66,+1.66,+3.19%,,359.44万,1.90亿,1.16%,42.46,0.25%,438.22亿
SH688216,气派科技,24.42,+0.75,+3.17%,,88.03万,2122.86万,2.07%,-,0.00%,25.95亿
SH688019,安集科技,234.00,+7.10,+3.13%,+30.00%,169.29万,3.94亿,2.27%,52.59,0.18%,177.78亿
SH688215,瑞晟智能,34.44,+1.04,+3.11%,+12.00%,39.18万,1333.79万,2.46%,121.11,0.35%,13.79亿
SH688179,阿拉丁,32.96,+0.99,+3.10%,,82.25万,2653.40万,1.12%,59.28,0.76%,46.58亿
SH688528,秦川物联,9.67,+0.29,+3.09%,,91.28万,875.73万,1.76%,-,0.00%,16.25亿
SH688323,瑞华泰,20.72,+0.62,+3.08%,,69.59万,1425.53万,0.71%,196.41,0.34%,37.30亿
SH688310,迈得医疗,36.93,+1.10,+3.07%,+47.43%,47.49万,1709.77万,0.57%,39.71,1.30%,30.98亿
SH688091,上海谊众,73.87,+2.19,+3.06%,+16.77%,143.82万,1.06亿,1.31%,69.95,0.37%,116.92亿
SH688079,美迪凯,10.43,+0.31,+3.06%,+21.42%,490.06万,4998.20万,2.75%,2069.21,0.00%,41.86亿
SH688160,步科股份,33.76,+1.00,+3.05%,+17.68%,129.11万,4314.15万,4.66%,31.53,1.19%,28.36亿
SH688668,鼎通科技,53.46,+1.56,+3.01%,,76.15万,4032.05万,2.29%,31.18,1.31%,52.84亿
SH688419,耐科装备,39.36,+1.15,+3.01%,+24.44%,222.32万,8637.33万,11.42%,51.40,0.76%,32.28亿
SH688195,腾景科技,26.46,+0.76,+2.96%,+16.27%,95.72万,2511.62万,1.22%,62.72,0.53%,34.23亿
SH688559,海目星,42.87,+1.22,+2.93%,,278.79万,1.20亿,2.13%,21.57,0.47%,86.48亿
SH688137,近岸蛋白,57.90,+1.64,+2.92%,,49.05万,2812.64万,2.89%,65.90,0.86%,40.63亿
SH688488,艾迪药业,12.69,+0.36,+2.92%,+20.40%,525.82万,6589.23万,2.55%,-,0.00%,53.30亿
SH688003,天准科技,34.88,+0.98,+2.89%,+10.38%,185.37万,6284.19万,0.95%,44.61,0.86%,67.91亿
SH688728,格科微,16.08,+0.45,+2.88%,,768.07万,1.22亿,0.69%,589.61,0.20%,401.82亿
SH688507,索辰科技,198.00,+5.40,+2.80%,,86.11万,1.72亿,9.49%,166.82,0.08%,81.84亿
SH688395,正弦电气,22.36,+0.61,+2.80%,+23.81%,112.40万,2504.27万,3.33%,39.65,0.72%,19.23亿
SH688041,海光信息,76.50,+2.08,+2.79%,+90.68%,1547.15万,11.59亿,7.31%,197.68,0.05%,1778.12亿
SH688127,蓝特光学,16.69,+0.45,+2.77%,+4.77%,358.20万,5888.02万,2.09%,84.64,0.00%,67.15亿
SH688468,科美诊断,10.43,+0.28,+2.76%,+10.14%,163.28万,1676.17万,0.59%,28.19,3.33%,41.82亿
SH688217,睿昂基因,41.91,+1.12,+2.75%,+18.56%,36.64万,1500.99万,1.00%,52.82,0.00%,23.29亿
SH688597,煜邦电力,9.35,+0.25,+2.75%,,198.80万,1841.87万,1.12%,33.76,1.03%,23.10亿
SH688237,超卓航科,44.30,+1.18,+2.74%,,36.42万,1578.59万,1.94%,72.43,0.00%,39.69亿
SH688028,沃尔德,28.66,+0.76,+2.72%,,83.47万,2361.28万,0.88%,47.64,1.05%,31.41亿
SH688275,万润新能,148.88,+3.88,+2.68%,,37.04万,5488.19万,1.87%,18.33,2.36%,126.87亿
SH688247,宣泰医药,13.46,+0.35,+2.67%,,325.35万,4373.41万,7.55%,75.90,0.46%,61.02亿
SH688071,华依科技,47.27,+1.23,+2.67%,,47.02万,2199.35万,1.30%,77.03,0.00%,40.07亿
SH688021,奥福环保,25.88,+0.67,+2.66%,+3.48%,82.57万,2127.16万,1.07%,-,0.00%,20.00亿
SH688502,茂莱光学,191.65,+4.97,+2.66%,+174.89%,88.24万,1.67亿,7.32%,171.19,0.36%,101.19亿
SH688199,久日新材,30.86,+0.80,+2.66%,,68.46万,2084.52万,0.72%,-,0.00%,34.32亿
SH688238,和元生物,16.73,+0.43,+2.64%,,192.88万,3219.43万,0.86%,-,0.00%,82.51亿
SH688006,杭可科技,47.06,+1.20,+2.62%,+7.52%,325.41万,1.53亿,0.75%,33.42,0.74%,202.92亿
SH688362,甬矽电子,38.80,+0.99,+2.62%,+78.06%,665.50万,2.57亿,14.60%,927.04,0.27%,158.17亿
SH688393,安必平,24.52,+0.62,+2.59%,+11.45%,125.02万,3056.34万,2.06%,74.09,0.57%,22.89亿
SH688718,唯赛勃,17.06,+0.43,+2.59%,,108.92万,1855.57万,2.00%,76.79,0.00%,29.64亿
SH688352,颀中科技,12.84,+0.32,+2.56%,+6.12%,895.90万,1.14亿,5.92%,59.52,-,152.67亿
SH688133,泰坦科技,110.95,+2.76,+2.55%,,71.77万,7944.97万,1.21%,71.49,0.18%,93.28亿
SH688077,大地熊,38.06,+0.94,+2.53%,,54.36万,2053.98万,1.21%,54.99,1.58%,30.74亿
SH688611,杭州柯林,50.67,+1.25,+2.53%,+16.86%,14.73万,740.21万,1.05%,47.85,0.69%,28.32亿
SH688558,国盛智科,31.68,+0.78,+2.52%,,52.48万,1640.64万,1.34%,23.27,1.58%,41.82亿
SH688535,华海诚科,51.25,+1.25,+2.50%,+46.43%,126.24万,6420.77万,7.68%,102.50,0.39%,41.36亿
SH688121,卓然股份,35.69,+0.87,+2.50%,+46.03%,248.64万,8751.66万,1.78%,45.15,0.69%,72.33亿
SH688501,青达环保,25.89,+0.63,+2.49%,+0.15%,642.68万,1.68亿,10.42%,37.43,0.39%,24.51亿
SH688380,中微半导,29.05,+0.70,+2.47%,+7.04%,178.70万,5114.07万,3.15%,155.15,1.55%,116.31亿
SH688026,洁特生物,19.50,+0.47,+2.47%,,50.31万,972.71万,0.36%,72.22,0.36%,27.37亿
SH688489,三未信安,109.20,+2.63,+2.47%,+7.77%,45.93万,4905.66万,2.83%,74.61,0.39%,84.03亿
SH688403,汇成股份,11.64,+0.28,+2.46%,+10.96%,610.50万,7040.50万,5.00%,62.74,0.00%,97.18亿
SH688113,联测科技,47.20,+1.12,+2.43%,+13.16%,8.82万,402.07万,0.26%,43.06,0.41%,30.07亿
SH688616,西力科技,11.52,+0.27,+2.40%,+10.13%,104.74万,1198.16万,1.91%,28.28,1.82%,17.28亿
SH688639,华恒生物,158.49,+3.72,+2.40%,+2.09%,72.19万,1.14亿,1.11%,49.65,0.57%,171.80亿
SH688353,华盛锂电,39.01,+0.91,+2.39%,,70.50万,2761.26万,1.84%,52.44,1.77%,62.22亿
SH688618,三旺通信,88.00,+2.05,+2.39%,+10.14%,56.35万,4925.23万,3.30%,45.02,0.46%,44.64亿
SH688767,博拓生物,32.69,+0.76,+2.38%,,58.91万,1894.20万,1.51%,11.90,6.73%,34.87亿
SH688287,观典防务,12.46,+0.29,+2.38%,+4.97%,162.79万,2005.65万,1.11%,42.93,0.48%,38.47亿
SH688391,钜泉科技,94.50,+2.17,+2.35%,,38.11万,3555.27万,2.99%,27.64,1.64%,54.43亿
SH688076,诺泰生物,30.06,+0.69,+2.35%,+31.04%,140.76万,4137.23万,0.98%,47.81,0.67%,64.08亿
SH688557,兰剑智能,33.67,+0.77,+2.34%,,32.87万,1097.34万,0.74%,26.21,1.13%,24.47亿
SH688303,大全能源,39.91,+0.91,+2.33%,,806.20万,3.20亿,1.59%,4.81,9.02%,853.03亿
SH688690,纳微科技,42.97,+0.97,+2.31%,,185.32万,7915.37万,0.99%,76.47,0.24%,173.24亿
SH688267,中触媒,23.47,+0.53,+2.31%,,123.81万,2881.43万,1.93%,34.33,1.11%,41.35亿
SH688309,恒誉环保,21.15,+0.47,+2.27%,+7.03%,31.16万,651.26万,0.69%,126.80,0.35%,16.92亿
SH688297,中无人机,48.08,+1.05,+2.23%,+7.01%,346.03万,1.65亿,2.69%,108.15,0.73%,324.54亿
SH688155,先惠技术,50.92,+1.11,+2.23%,,19.93万,1009.66万,0.60%,-,0.00%,39.04亿
SH688048,长光华芯,87.25,+1.89,+2.21%,,92.59万,7984.41万,1.95%,127.07,0.40%,118.31亿
SH688981,中芯国际,54.87,+1.18,+2.20%,+33.37%,4521.12万,24.32亿,2.31%,39.96,0.00%,4348.44亿
SH688282,理工导航,61.51,+1.31,+2.18%,+34.74%,111.88万,6741.07万,3.14%,102.99,0.89%,54.13亿
SH688459,哈铁科技,10.36,+0.22,+2.17%,+14.35%,1047.24万,1.07亿,12.00%,36.40,0.77%,49.73亿
SH688016,心脉医疗,169.68,+3.60,+2.17%,,45.65万,7638.04万,0.63%,34.09,1.35%,122.13亿
SH688339,亿华通-U,81.97,+1.72,+2.14%,+10.77%,90.42万,7346.22万,1.11%,-,0.00%,96.88亿
SH688455,科捷智能,13.82,+0.29,+2.14%,+1.54%,84.54万,1161.42万,2.10%,32.50,1.45%,24.99亿
SH688375,国博电子,78.60,+1.63,+2.12%,,65.68万,5115.51万,2.05%,58.64,0.64%,314.41亿
SH688153,唯捷创芯,60.50,+1.25,+2.11%,+64.72%,138.46万,8246.03万,1.54%,-,0.00%,247.59亿
SH688171,纬德信息,21.80,+0.45,+2.11%,+14.80%,70.51万,1521.39万,2.10%,56.68,0.64%,18.26亿
SH688656,浩欧博,35.00,+0.72,+2.10%,+4.42%,14.27万,485.86万,0.79%,65.59,0.86%,22.07亿
SH688018,乐鑫科技,132.00,+2.70,+2.09%,+46.42%,172.09万,2.27亿,2.13%,105.97,0.00%,106.57亿
SH688586,江航装备,18.06,+0.37,+2.09%,+10.80%,236.09万,4209.89万,0.93%,41.23,1.00%,102.08亿
SH688426,康为世纪,36.60,+0.75,+2.09%,+3.27%,72.04万,2619.41万,3.44%,27.52,1.42%,34.23亿
SH688387,信科移动...,7.39,+0.15,+2.07%,+47.21%,2403.88万,1.73亿,4.97%,-,0.00%,252.65亿
SH688027,国盾量子,159.01,+3.21,+2.06%,+56.12%,124.21万,1.94亿,2.64%,-,0.00%,127.56亿
SH688286,敏芯股份,47.21,+0.95,+2.05%,,61.14万,2888.60万,1.72%,-,0.00%,25.30亿
SH688131,皓元医药,106.10,+2.13,+2.05%,,43.49万,4585.08万,0.72%,63.93,0.36%,113.51亿
SH688056,莱伯泰科,41.25,+0.82,+2.03%,+1.90%,19.85万,814.44万,0.75%,60.85,0.48%,27.74亿
SH688175,高凌信息,32.83,+0.65,+2.02%,,29.30万,948.17万,0.93%,40.33,0.91%,30.50亿
SH688022,瀚川智能,46.07,+0.91,+2.02%,,70.35万,3218.36万,0.65%,197.97,0.28%,57.56亿
SH688189,南新制药,14.13,+0.28,+2.02%,,206.64万,2883.58万,1.05%,-,0.00%,27.69亿
SH688432,有研硅,15.64,+0.31,+2.02%,+18.13%,772.80万,1.20亿,5.27%,52.99,0.00%,195.13亿
SH688377,迪威尔,26.36,+0.52,+2.01%,,54.21万,1410.25万,0.50%,42.23,0.61%,51.31亿
SH688190,云路股份,76.30,+1.50,+2.01%,,35.10万,2664.20万,0.64%,34.97,0.75%,91.56亿
SH688585,上纬新材,8.16,+0.16,+2.00%,+1.87%,70.59万,570.78万,0.84%,39.78,0.27%,32.90亿
SH688601,力芯微,69.70,+1.36,+1.99%,+23.60%,66.78万,4602.41万,1.44%,57.80,0.72%,62.45亿
SH688046,药康生物,21.05,+0.41,+1.99%,,93.71万,1954.02万,0.64%,52.19,0.20%,86.31亿
SH688085,三友医疗,31.76,+0.62,+1.99%,+14.45%,169.09万,5285.90万,0.97%,37.30,0.27%,71.74亿
SH688293,奥浦迈,57.11,+1.11,+1.98%,,37.38万,2088.65万,1.51%,62.85,0.75%,65.55亿
SH688589,力合微,40.78,+0.79,+1.98%,+21.28%,124.89万,5065.60万,2.20%,49.27,0.61%,40.86亿
SH688005,容百科技,67.09,+1.29,+1.96%,,428.50万,2.88亿,1.53%,22.06,0.45%,302.58亿
SH688700,东威科技,96.10,+1.85,+1.96%,,499.69万,4.71亿,5.59%,63.04,0.46%,141.46亿
SH688138,清溢光电,21.43,+0.41,+1.95%,+17.75%,228.40万,4832.78万,0.86%,54.36,0.56%,57.18亿
SH688166,博瑞医药,21.48,+0.41,+1.95%,,252.16万,5335.39万,0.62%,36.35,0.53%,90.75亿
SH688306,均普智能,4.79,+0.09,+1.91%,+0.84%,258.98万,1227.77万,0.57%,-,0.00%,58.83亿
SH688281,华秦科技,266.96,+4.97,+1.90%,,10.82万,2850.30万,0.48%,68.73,0.14%,249.16亿
SH688017,绿的谐波,116.70,+2.17,+1.89%,+20.58%,127.90万,1.48亿,1.37%,137.15,0.09%,196.74亿
SH688363,华熙生物,96.80,+1.79,+1.88%,,169.53万,1.62亿,0.86%,47.97,0.63%,466.11亿
SH688396,华润微,60.07,+1.10,+1.87%,+14.09%,430.17万,2.52亿,0.33%,33.35,0.33%,792.98亿
SH688283,坤恒顺维,54.49,+1.00,+1.87%,,33.07万,1778.80万,0.65%,54.10,0.18%,45.77亿
SH688496,清越科技,13.06,+0.24,+1.87%,+43.83%,826.74万,1.08亿,10.54%,93.96,0.51%,58.77亿
SH688103,国力股份,55.73,+1.02,+1.86%,,84.92万,4678.10万,1.41%,62.70,0.49%,53.16亿
SH688788,科思科技,39.55,+0.72,+1.85%,+9.59%,85.52万,3356.52万,1.30%,-,0.00%,41.82亿
SH688184,帕瓦股份,31.96,+0.57,+1.82%,,27.43万,871.93万,0.96%,40.96,1.03%,42.95亿
SH688789,宏华数科,142.30,+2.50,+1.79%,,19.17万,2664.02万,0.47%,50.48,0.63%,118.19亿
SH688392,骄成超声,131.50,+2.30,+1.78%,,128.57万,1.67亿,7.05%,87.43,0.76%,107.83亿
SH688665,四方光电,80.78,+1.41,+1.78%,,20.01万,1593.20万,0.93%,40.04,1.11%,56.55亿
SH688143,长盈通,37.09,+0.65,+1.78%,,66.37万,2431.13万,3.46%,55.26,1.35%,34.91亿
SH688251,井松智能,26.63,+0.46,+1.76%,,37.16万,972.54万,2.63%,35.29,0.38%,15.83亿
SH688301,奕瑞科技,270.60,+4.69,+1.76%,,26.21万,7006.97万,0.45%,40.67,0.77%,275.38亿
SH688015,交控科技,19.28,+0.33,+1.74%,,73.83万,1405.28万,0.39%,16.65,1.92%,36.24亿
SH688252,天德钰,21.18,+0.36,+1.73%,+26.30%,213.74万,4489.74万,5.92%,103.89,0.00%,86.63亿
SH688203,海正生材,14.09,+0.24,+1.73%,,68.46万,954.69万,1.42%,69.22,0.50%,28.56亿
SH688093,世华科技,17.81,+0.30,+1.71%,+0.85%,68.51万,1210.83万,1.10%,22.97,2.25%,42.94亿
SH688388,嘉元科技,38.60,+0.65,+1.71%,,178.34万,6862.97万,0.61%,30.66,1.43%,117.52亿
SH688162,巨一科技,37.73,+0.63,+1.70%,,43.16万,1622.43万,0.91%,38.62,0.88%,51.82亿
SH688698,伟创电气,27.46,+0.46,+1.70%,+32.59%,244.85万,6585.76万,5.44%,32.36,0.91%,49.43亿
SH688685,迈信林,19.21,+0.32,+1.69%,,106.04万,2008.64万,1.87%,55.94,1.56%,21.49亿
SH688338,赛科希德,54.00,+0.89,+1.68%,+63.69%,34.51万,1846.96万,0.70%,39.21,0.48%,44.09亿
SH688519,南亚新材,20.06,+0.33,+1.67%,,117.10万,2327.03万,1.27%,-,1.25%,47.09亿
SH688357,建龙微纳,96.76,+1.57,+1.65%,,48.21万,4643.40万,0.81%,26.81,1.03%,57.52亿
SH688681,科汇股份,14.83,+0.24,+1.64%,+16.22%,80.11万,1176.11万,1.22%,1331.02,0.67%,15.52亿
SH688181,八亿时空,34.07,+0.55,+1.64%,,59.46万,2001.00万,0.73%,20.58,0.94%,32.87亿
SH688633,星球石墨,40.35,+0.65,+1.64%,,19.14万,765.19万,0.91%,23.82,1.44%,29.84亿
SH688326,经纬恒润...,124.80,+2.01,+1.64%,,52.39万,6549.26万,1.08%,83.74,0.00%,149.76亿
SH688187,时代电气,46.70,+0.75,+1.63%,,184.87万,8549.03万,0.88%,24.96,1.18%,661.38亿
SH688173,希荻微,21.26,+0.34,+1.63%,,210.18万,4369.44万,1.25%,298.88,0.00%,86.53亿
SH688196,卓越新能,48.30,+0.77,+1.62%,,27.72万,1330.69万,0.92%,13.71,3.21%,57.96亿
SH688230,芯导科技,59.60,+0.95,+1.62%,+10.31%,28.42万,1680.40万,1.40%,47.47,1.01%,50.06亿
SH688677,海泰新光,93.43,+1.47,+1.60%,,52.04万,4807.75万,0.97%,41.62,0.86%,81.27亿
SH688213,思特威-W,57.82,+0.91,+1.60%,+49.02%,73.76万,4187.76万,2.30%,-,0.00%,231.29亿
SH688561,奇安信-U,55.95,+0.87,+1.58%,,430.94万,2.38亿,0.93%,8797.67,0.00%,383.31亿
SH688125,安达智能,45.07,+0.70,+1.58%,+4.62%,20.23万,908.44万,0.99%,22.73,1.11%,36.42亿
SH688367,工大高科,16.85,+0.26,+1.57%,+6.51%,69.79万,1172.26万,1.21%,28.72,1.19%,14.68亿
SH688513,苑东生物,56.16,+0.87,+1.57%,,15.47万,857.30万,0.25%,26.58,1.00%,67.44亿
SH688722,同益中,17.42,+0.27,+1.57%,,204.92万,3538.54万,1.68%,20.10,2.58%,39.14亿
SH688115,思林杰,31.97,+0.49,+1.56%,,25.73万,812.33万,0.88%,76.24,1.41%,21.31亿
SH688169,石头科技,318.80,+4.91,+1.56%,+28.68%,31.58万,9977.57万,0.41%,28.59,0.40%,298.69亿
SH688265,南模生物,41.62,+0.64,+1.56%,,8.45万,347.43万,0.17%,-,0.00%,32.45亿
SH688106,金宏气体,24.89,+0.38,+1.55%,+32.68%,224.15万,5524.82万,0.85%,48.35,1.00%,121.19亿
SH688733,壹石通,31.35,+0.48,+1.55%,,140.58万,4381.96万,1.03%,53.98,0.64%,62.63亿
SH688383,新益昌,119.68,+1.82,+1.54%,+26.14%,63.49万,7475.98万,2.07%,63.62,0.25%,122.23亿
SH688078,龙软科技,43.38,+0.66,+1.54%,+35.69%,72.63万,3102.22万,1.02%,36.99,0.78%,30.98亿
SH688228,开普云,46.51,+0.70,+1.53%,+47.18%,146.38万,6711.15万,2.18%,32.21,0.95%,31.22亿
SH688259,创耀科技,52.99,+0.79,+1.51%,,64.32万,3361.65万,1.13%,52.56,0.66%,42.39亿
SH688499,利元亨,91.73,+1.36,+1.50%,,80.89万,7392.95万,2.02%,56.56,0.44%,81.00亿
SH688299,长阳科技,15.03,+0.22,+1.49%,,194.79万,2911.17万,0.77%,41.85,0.33%,43.11亿
SH688280,精进电动...,7.48,+0.11,+1.49%,,134.72万,998.55万,0.30%,-,0.00%,44.15亿
SH688168,安博通,34.98,+0.51,+1.48%,+9.35%,142.49万,4887.51万,1.87%,-,0.00%,26.69亿
SH688239,航宇科技,64.93,+0.94,+1.47%,,164.76万,1.07亿,1.63%,52.13,0.00%,94.92亿
SH688622,禾信仪器,34.60,+0.50,+1.47%,+6.46%,29.01万,997.59万,0.76%,-,0.00%,24.22亿
SH688233,神工股份,33.40,+0.48,+1.46%,,237.91万,7857.27万,1.49%,55.58,0.30%,53.44亿
SH688218,江苏北人,16.14,+0.23,+1.45%,+8.47%,179.72万,2882.40万,1.53%,50.88,0.56%,19.01亿
SH688786,悦安新材,41.74,+0.58,+1.41%,+0.65%,58.65万,2434.01万,1.12%,40.44,1.44%,35.66亿
SH688350,富淼科技,16.52,+0.23,+1.41%,+0.49%,80.62万,1323.71万,1.29%,17.73,1.50%,20.18亿
SH688351,微电生理...,19.60,+0.27,+1.40%,,153.00万,2950.51万,2.32%,-,0.00%,92.24亿
SH688291,金橙子,27.10,+0.37,+1.38%,+3.59%,42.48万,1144.39万,1.74%,68.61,0.74%,27.82亿
SH688439,振华风光,103.90,+1.40,+1.37%,,74.52万,7626.30万,1.66%,60.20,0.36%,207.80亿
SH688163,赛伦生物,23.08,+0.31,+1.36%,+9.44%,30.03万,683.97万,0.70%,39.53,3.25%,24.98亿
SH688122,西部超导,78.25,+1.05,+1.36%,,290.24万,2.27亿,0.63%,33.83,1.28%,363.12亿
SH688686,奥普特,140.14,+1.87,+1.35%,+6.74%,69.03万,9536.66万,2.02%,52.27,0.61%,171.06亿
SH688112,鼎阳科技,81.22,+1.08,+1.35%,,35.05万,2863.58万,1.18%,55.32,1.05%,86.63亿
SH688798,艾为电子,87.56,+1.17,+1.35%,,124.75万,1.09亿,1.76%,-,0.00%,145.35亿
SH688560,明冠新材,29.64,+0.39,+1.33%,,204.87万,6101.03万,2.27%,65.62,0.61%,59.67亿
SH688298,东方生物,54.15,+0.71,+1.33%,,110.29万,5929.41万,0.66%,-,3.69%,90.97亿
SH688678,福立旺,16.27,+0.21,+1.31%,,142.68万,2305.64万,1.59%,21.52,1.84%,28.20亿
SH688550,瑞联新材,42.65,+0.55,+1.31%,,45.11万,1913.16万,0.62%,23.21,2.81%,41.97亿
SH688669,聚石化学,23.16,+0.30,+1.31%,+8.02%,35.96万,828.26万,0.77%,50.73,0.43%,21.62亿
SH688382,益方生物...,20.23,+0.26,+1.30%,+52.33%,121.16万,2427.88万,1.15%,-,0.00%,116.32亿
SH688273,麦澜德,41.97,+0.54,+1.30%,+28.74%,69.04万,2857.85万,2.95%,31.70,3.08%,42.23亿
SH688768,容知日新,120.57,+1.55,+1.30%,+6.74%,41.07万,4871.81万,1.26%,60.23,0.45%,66.15亿
SH688553,汇宇制药...,16.00,+0.20,+1.27%,+2.63%,87.56万,1386.67万,0.30%,40.30,1.47%,67.78亿
SH688013,天臣医疗,21.47,+0.27,+1.27%,+10.73%,77.11万,1643.93万,1.96%,36.59,1.16%,17.42亿
SH688448,磁谷科技,24.15,+0.30,+1.26%,+2.72%,37.11万,889.48万,2.19%,34.52,0.00%,17.21亿
SH688401,路维光电,43.50,+0.52,+1.21%,,57.71万,2483.69万,1.94%,43.89,0.51%,58.00亿
SH688180,君实生物...,51.89,+0.62,+1.21%,,265.49万,1.37亿,0.61%,-,0.00%,511.47亿
SH688480,赛恩斯,26.23,+0.31,+1.20%,+18.58%,32.04万,836.15万,1.66%,34.95,1.94%,24.87亿
SH688151,华强科技,20.14,+0.23,+1.16%,+5.61%,41.01万,820.21万,0.41%,485.51,0.38%,69.38亿
SH688107,安路科技,48.85,+0.56,+1.16%,,181.62万,8756.51万,0.96%,-,0.00%,195.45亿
SH688539,高华科技,35.88,+0.41,+1.16%,,169.19万,6032.25万,5.99%,56.40,0.00%,47.65亿
SH688276,百克生物,67.99,+0.77,+1.15%,,143.89万,9590.82万,0.62%,153.72,0.22%,280.69亿
SH688135,利扬芯片,28.50,+0.32,+1.14%,+4.63%,106.68万,3022.37万,1.20%,140.25,0.00%,39.12亿
SH688617,惠泰医疗,355.80,+3.98,+1.13%,+15.92%,69.06万,2.42亿,1.54%,60.22,0.46%,237.21亿
SH688328,深科达,19.77,+0.22,+1.13%,,54.44万,1062.59万,1.13%,-,0.00%,16.02亿
SH688337,普源精电,58.20,+0.65,+1.13%,,123.83万,7051.21万,2.85%,93.83,0.81%,104.49亿
SH688249,晶合集成,19.01,+0.21,+1.12%,,2384.01万,4.46亿,6.84%,27.10,-,381.37亿
SH688062,迈威生物...,23.58,+0.26,+1.11%,+63.18%,151.48万,3518.99万,0.75%,-,0.00%,94.23亿
SH688236,春立医疗,33.89,+0.37,+1.10%,+42.34%,51.93万,1759.33万,0.67%,44.98,0.92%,130.23亿
SH688152,麒麟信安,174.99,+1.88,+1.09%,+2.39%,22.91万,3984.42万,1.93%,69.78,0.28%,92.47亿
SH688687,凯因科技,25.88,+0.28,+1.09%,+13.76%,155.62万,4041.11万,1.32%,55.53,0.77%,44.23亿
SH688360,德马科技,26.87,+0.29,+1.09%,+9.27%,36.17万,966.21万,0.86%,26.70,1.08%,23.02亿
SH688087,英科再生,32.75,+0.35,+1.08%,,42.50万,1385.70万,0.59%,22.80,0.61%,44.09亿
SH688799,华纳药厂,38.38,+0.41,+1.08%,+20.58%,62.59万,2381.23万,1.44%,18.18,0.00%,36.00亿
SH688231,隆达股份,28.07,+0.30,+1.08%,,46.44万,1293.33万,0.88%,66.44,1.28%,69.29亿
SH688296,和达科技,16.88,+0.18,+1.08%,,82.63万,1377.46万,1.43%,36.27,0.89%,18.13亿
SH688689,银河微电,23.55,+0.25,+1.07%,+3.98%,64.24万,1491.60万,1.73%,38.84,0.93%,30.36亿
SH688119,中钢洛耐,6.69,+0.07,+1.06%,+6.19%,467.05万,3090.18万,2.97%,33.73,1.79%,75.26亿
SH688221,前沿生物...,11.46,+0.12,+1.06%,,317.31万,3612.23万,1.54%,-,0.00%,42.93亿
SH688165,埃夫特-U,9.57,+0.10,+1.06%,+24.29%,106.49万,1013.98万,0.33%,-,0.00%,49.93亿
SH688500,*ST慧辰,15.20,+0.16,+1.06%,,207.08万,3135.75万,4.87%,-,0.00%,11.29亿
SH688185,康希诺,94.43,+0.98,+1.05%,,111.13万,1.04亿,1.65%,-,0.00%,233.67亿
SH688070,纵横股份,41.31,+0.42,+1.03%,,22.52万,923.65万,0.59%,-,0.00%,36.18亿
SH688102,斯瑞新材,14.65,+0.15,+1.03%,,100.53万,1463.30万,0.58%,85.67,0.55%,58.60亿
SH688595,芯海科技,33.29,+0.34,+1.03%,,115.90万,3821.29万,1.46%,-,0.00%,47.40亿
SH688368,晶丰明源,140.40,+1.40,+1.01%,+25.69%,105.09万,1.44亿,1.67%,-,0.00%,88.32亿
SH688105,诺唯赞,34.22,+0.34,+1.00%,,172.44万,5803.52万,1.03%,121.93,3.65%,136.88亿
SH688598,金博股份,162.48,+1.60,+0.99%,,57.18万,9331.01万,0.73%,32.76,0.15%,152.85亿
SH688567,孚能科技,21.59,+0.21,+0.98%,,439.57万,9516.45万,0.54%,-,0.00%,262.90亿
SH688410,山外山,50.50,+0.49,+0.98%,+99.84%,167.94万,8514.74万,5.05%,57.96,0.00%,73.09亿
SH688207,格灵深瞳,36.55,+0.35,+0.97%,+58.91%,236.39万,8514.32万,1.89%,145.59,0.00%,67.61亿
SH688055,龙腾光电,4.17,+0.04,+0.97%,+3.73%,335.74万,1389.07万,0.19%,-,0.24%,139.00亿
SH688206,概伦电子,26.99,+0.26,+0.97%,,177.98万,4752.37万,1.22%,294.98,0.26%,117.08亿
SH688222,成都先导,16.02,+0.15,+0.95%,+18.84%,353.23万,5589.92万,1.04%,279.56,0.00%,64.19亿
SH688366,昊海生科,92.39,+0.87,+0.95%,,31.77万,2916.39万,0.27%,79.11,0.43%,158.79亿
SH688325,赛微微电,40.46,+0.38,+0.95%,,16.37万,658.68万,0.53%,86.46,0.00%,33.04亿
SH688092,爱科科技,26.00,+0.24,+0.93%,+11.97%,52.60万,1366.35万,1.95%,33.43,0.92%,15.42亿
SH688289,圣湘生物,18.28,+0.16,+0.88%,,200.72万,3649.09万,0.57%,8.00,7.10%,107.57亿
SH688136,科兴制药,19.40,+0.17,+0.88%,,71.01万,1365.61万,1.06%,-,0.00%,38.55亿
SH688036,传音控股,116.00,+1.00,+0.87%,+45.88%,693.78万,7.91亿,0.86%,42.15,1.55%,932.58亿
SH688336,三生国健,17.50,+0.15,+0.86%,+37.80%,221.34万,3869.82万,2.39%,130.89,0.00%,107.94亿
SH688660,电气风电,5.87,+0.05,+0.86%,,552.99万,3242.03万,1.07%,-,0.00%,78.27亿
SH688188,柏楚电子,200.66,+1.72,+0.86%,,44.28万,8791.19万,0.30%,57.57,0.56%,292.91亿
SH688485,九州一轨,15.27,+0.13,+0.86%,,38.53万,583.22万,1.20%,40.67,0.84%,22.95亿
SH688123,聚辰股份,63.48,+0.53,+0.84%,,203.69万,1.28亿,1.68%,24.14,1.39%,76.75亿
SH688269,凯立新材,61.32,+0.51,+0.84%,,84.00万,5092.19万,1.39%,38.76,1.14%,80.15亿
SH688089,嘉必优,30.10,+0.25,+0.84%,,130.79万,3896.39万,2.00%,65.13,1.00%,36.12亿
SH688130,晶华微,42.47,+0.35,+0.83%,,25.88万,1086.72万,1.67%,2447.66,0.35%,28.27亿
SH688075,安旭生物,67.32,+0.54,+0.81%,,31.06万,2076.51万,1.43%,14.77,7.43%,61.11亿
SH688625,呈和科技,41.04,+0.33,+0.81%,,34.47万,1421.33万,0.43%,27.32,0.00%,54.72亿
SH688201,信安世纪,42.33,+0.33,+0.79%,,116.56万,4852.80万,1.85%,43.89,0.86%,58.34亿
SH688315,诺禾致源,33.05,+0.26,+0.79%,+25.24%,166.35万,5413.75万,1.51%,73.13,0.14%,132.27亿
SH688008,澜起科技,54.15,+0.42,+0.78%,,1337.79万,7.14亿,1.18%,60.73,0.55%,615.19亿
SH688278,特宝生物,43.30,+0.33,+0.77%,+11.23%,136.54万,5827.32万,0.49%,56.14,0.49%,176.14亿
SH688772,珠海冠宇,16.91,+0.13,+0.77%,,657.78万,1.11亿,0.87%,-,0.53%,189.71亿
SH688508,芯朋微,70.50,+0.54,+0.77%,+9.18%,90.23万,6343.35万,1.26%,104.17,0.35%,79.89亿
SH688565,力源科技,7.99,+0.06,+0.76%,,123.84万,986.69万,1.27%,-,0.00%,12.61亿
SH688317,之江生物,25.04,+0.19,+0.76%,,144.25万,3575.11万,1.17%,9.93,4.79%,48.75亿
SH688321,微芯生物,22.70,+0.17,+0.75%,+3.28%,300.54万,6720.86万,0.94%,-,0.00%,93.36亿
SH688178,万德斯,18.97,+0.14,+0.74%,+8.77%,34.42万,651.73万,0.40%,71.19,1.37%,16.17亿
SH688061,灿瑞科技,64.43,+0.47,+0.73%,,41.01万,2629.29万,2.24%,48.68,0.85%,49.68亿
SH688428,诺诚健华...,14.02,+0.10,+0.72%,,439.46万,6080.84万,1.81%,-,0.00%,247.36亿
SH688186,广大特材,34.49,+0.24,+0.70%,+41.82%,281.00万,9691.27万,1.31%,47.80,0.14%,73.89亿
SH688330,宏力达,47.38,+0.32,+0.68%,,87.84万,4144.73万,1.54%,18.22,2.03%,47.38亿
SH688313,仕佳光子,11.90,+0.08,+0.68%,+31.49%,1096.53万,1.29亿,3.38%,142.73,0.42%,54.60亿
SH688101,三达膜,13.57,+0.09,+0.67%,+4.95%,84.56万,1141.84万,0.25%,21.70,0.00%,45.31亿
SH688096,京源环保,13.52,+0.09,+0.67%,+12.01%,71.81万,969.62万,0.82%,28.13,1.11%,14.60亿
SH688399,硕世生物,63.33,+0.42,+0.67%,,53.76万,3381.13万,1.02%,3.15,0.00%,37.12亿
SH688219,会通股份,9.19,+0.06,+0.66%,+9.27%,52.85万,484.29万,0.17%,91.79,0.22%,42.21亿
SH688319,欧林生物,19.69,+0.13,+0.66%,+41.96%,180.81万,3566.47万,0.63%,214.30,0.00%,79.80亿
SH688038,中科通达,13.80,+0.09,+0.66%,+16.06%,163.38万,2243.86万,2.04%,-,0.00%,16.06亿
SH688057,金达莱,15.32,+0.10,+0.66%,+10.53%,65.75万,999.08万,0.47%,16.42,6.53%,42.28亿
SH688661,和林微纳,75.90,+0.50,+0.66%,+25.87%,86.60万,6541.47万,2.42%,585.96,0.21%,68.21亿
SH688613,奥精医疗,24.29,+0.16,+0.66%,+3.71%,144.50万,3463.69万,1.39%,32.20,0.44%,32.39亿
SH688271,联影医疗,145.55,+0.94,+0.65%,,68.13万,9866.07万,1.36%,71.42,0.14%,1199.56亿
SH688068,热景生物,44.37,+0.26,+0.59%,,100.42万,4397.14万,1.09%,10.27,0.00%,40.84亿
SH688520,神州细胞...,61.71,+0.35,+0.57%,+1.83%,106.37万,6515.49万,1.07%,-,0.00%,274.82亿
SH688025,杰普特,57.18,+0.32,+0.56%,+28.81%,246.59万,1.41亿,3.22%,64.93,0.44%,53.64亿
SH688701,卓锦股份,9.21,+0.05,+0.55%,+12.18%,106.92万,985.97万,1.63%,-,0.00%,12.37亿
SH688425,铁建重工,5.46,+0.03,+0.55%,+38.23%,4531.62万,2.45亿,3.14%,15.46,1.91%,291.21亿
SH688285,高铁电气,9.09,+0.05,+0.55%,+18.21%,371.75万,3326.09万,4.16%,25.51,0.84%,34.20亿
SH688314,康拓医疗,35.40,+0.19,+0.54%,+4.37%,30.72万,1080.70万,1.10%,37.31,1.05%,28.76亿
SH688505,复旦张江,9.31,+0.05,+0.54%,+11.50%,360.60万,3314.95万,1.34%,68.03,0.74%,96.50亿
SH688098,申联生物,7.59,+0.04,+0.53%,,170.87万,1288.05万,0.42%,58.77,1.05%,31.17亿
SH688379,华光新材,17.41,+0.09,+0.52%,+6.81%,53.93万,932.68万,1.16%,149.31,0.00%,15.45亿
SH688225,亚信安全,21.93,+0.11,+0.50%,+29.69%,159.83万,3482.78万,1.46%,107.09,0.11%,87.72亿
SH688370,丛麟科技,37.18,+0.18,+0.49%,+5.24%,17.62万,652.68万,0.71%,23.96,7.53%,39.56亿
SH688049,炬芯科技,33.91,+0.16,+0.47%,+25.36%,237.61万,7981.47万,2.65%,80.70,0.59%,41.37亿
SH688636,智明达,73.73,+0.34,+0.46%,,73.50万,5388.18万,2.45%,57.05,0.00%,37.23亿
SH688355,明志科技,25.01,+0.11,+0.44%,,93.30万,2342.23万,2.38%,97.05,0.20%,31.00亿
SH688158,优刻得-W,18.63,+0.08,+0.43%,+48.92%,1283.65万,2.34亿,3.61%,-,0.00%,84.41亿
SH688253,英诺特,24.78,+0.10,+0.41%,+4.03%,147.48万,3638.83万,4.94%,18.93,0.67%,33.72亿
SH688277,天智航-U,15.96,+0.06,+0.38%,+34.23%,494.70万,7864.36万,1.65%,-,0.00%,71.72亿
SH688029,南微医学,90.13,+0.33,+0.37%,+9.74%,185.56万,1.66亿,1.01%,43.56,0.61%,169.31亿
SH688418,震有科技,20.80,+0.07,+0.34%,+78.85%,1304.70万,2.65亿,9.84%,-,0.00%,40.27亿
SH688193,仁度生物,42.35,+0.14,+0.33%,,11.23万,470.95万,0.38%,12792.23,0.29%,16.94亿
SH688578,艾力斯,27.07,+0.09,+0.33%,+37.55%,176.65万,4738.69万,0.85%,64.77,0.00%,121.82亿
SH688607,康众医疗,20.25,+0.06,+0.30%,+6.86%,111.56万,2249.62万,1.68%,-,0.00%,17.85亿
SH688010,福光股份,23.10,+0.07,+0.30%,+18.46%,138.35万,3157.54万,0.90%,405.43,0.25%,35.48亿
SH688235,百济神州...,148.88,+0.43,+0.29%,+12.40%,77.85万,1.15亿,0.70%,-,0.00%,1983.36亿
SH688183,生益电子,10.46,+0.03,+0.29%,+12.35%,357.74万,3710.67万,1.16%,37.15,1.53%,87.01亿
SH688132,邦彦技术,23.88,+0.07,+0.29%,,153.17万,3609.73万,4.40%,49.59,0.00%,36.35亿
SH688628,优利德,43.97,+0.12,+0.27%,+52.94%,107.66万,4687.93万,2.41%,46.14,0.86%,48.55亿
SH688050,爱博医疗,224.70,+0.59,+0.26%,,107.10万,2.39亿,1.54%,93.63,0.23%,236.33亿
SH688066,航天宏图,83.20,+0.18,+0.22%,,153.11万,1.26亿,0.82%,68.79,0.16%,154.48亿
SH688176,亚虹医药...,14.64,+0.03,+0.21%,+30.13%,143.74万,2091.84万,0.61%,-,0.00%,83.45亿
SH688126,沪硅产业,20.20,+0.04,+0.20%,+14.71%,2556.07万,5.12亿,0.94%,124.01,0.00%,551.80亿
SH688272,*ST富吉,19.74,+0.04,+0.20%,+1.75%,30.36万,599.09万,1.26%,-,0.00%,15.00亿
SH688606,奥泰生物,97.43,+0.19,+0.20%,,8.15万,790.71万,0.34%,29.87,10.26%,52.52亿
SH688398,赛特新材,46.88,+0.09,+0.19%,+35.26%,51.28万,2401.73万,1.03%,58.22,0.53%,37.50亿
SH688030,山石网科,21.35,+0.04,+0.19%,+9.71%,97.21万,2048.92万,0.54%,-,0.00%,38.48亿
SH688307,中润光学,29.41,+0.05,+0.17%,+24.01%,71.60万,2092.88万,3.92%,63.87,0.68%,25.88亿
SH688052,纳芯微,275.00,+0.46,+0.17%,,45.27万,1.25亿,0.86%,165.58,0.29%,277.93亿
SH688288,鸿泉物联,21.77,+0.03,+0.14%,+28.21%,73.02万,1578.29万,0.73%,-,0.00%,21.84亿
SH688626,翔宇医疗,43.77,+0.06,+0.14%,+37.30%,64.61万,2808.28万,1.23%,45.53,0.55%,70.03亿
SH688356,键凯科技,118.52,+0.16,+0.14%,,56.36万,6629.36万,1.55%,39.35,0.79%,71.45亿
SH688343,云天励飞...,63.37,+0.08,+0.13%,+44.29%,779.45万,4.85亿,10.46%,-,0.00%,225.05亿
SH688246,嘉和美康,40.97,+0.05,+0.12%,+39.78%,94.85万,3847.02万,0.95%,77.15,0.00%,56.49亿
SH688209,英集芯,16.38,+0.01,+0.06%,,308.30万,4990.71万,1.47%,84.17,1.53%,68.80亿
SH688257,新锐股份,35.39,+0.02,+0.06%,,39.29万,1383.47万,0.67%,22.16,1.41%,32.84亿
SH688266,泽璟制药...,51.80,+0.03,+0.06%,+24.22%,220.48万,1.13亿,1.54%,-,0.00%,137.01亿
SH688466,金科环境,18.52,+0.01,+0.05%,+22.65%,49.84万,912.89万,0.60%,24.20,0.00%,19.03亿
SH688433,华曙高科,24.26,+0.01,+0.04%,,117.03万,2818.84万,3.39%,99.42,-,100.48亿
SH688555,*ST泽达,4.14,0.00,0.00%,+7.53%,-,-,-,-,0.00%,3.44亿
SH688533,上声电子,42.48,0.00,0.00%,,98.60万,4201.39万,2.47%,65.00,0.42%,67.97亿
SH688575,亚辉龙,16.43,0.00,0.00%,,194.20万,3181.63万,0.76%,16.00,2.74%,93.16亿
SH688509,正元地信,4.76,0.00,0.00%,+17.82%,666.25万,3162.20万,1.77%,130.80,0.15%,36.65亿
SH688212,澳华内镜,64.22,0.00,0.00%,,93.28万,5987.40万,1.08%,245.67,0.00%,85.63亿
SH688086,*ST紫晶,2.42,0.00,0.00%,,-,-,-,-,0.00%,4.61亿
SH688538,和辉光电...,2.64,0.00,0.00%,,1632.02万,4297.91万,0.29%,-,0.00%,366.69亿
SH688711,宏微科技,69.30,-0.01,-0.01%,,102.16万,7062.58万,0.98%,98.13,0.09%,95.56亿
SH688479,C友车,28.30,-0.01,-0.04%,,480.47万,1.35亿,14.76%,37.25,0.00%,40.84亿
SH688322,奥比中光...,27.81,-0.02,-0.07%,+29.05%,93.98万,2597.47万,2.89%,-,0.00%,111.24亿
SH688111,金山办公,415.00,-0.28,-0.07%,+56.91%,313.47万,12.88亿,0.68%,168.80,0.18%,1914.25亿
SH688568,中科星图,72.95,-0.05,-0.07%,+17.59%,118.16万,8533.51万,0.90%,71.90,0.27%,178.92亿
SH688116,天奈科技,53.01,-0.06,-0.11%,,352.92万,1.90亿,1.52%,33.87,0.18%,123.26亿
SH688033,天宜上佳,17.95,-0.02,-0.11%,,499.28万,8907.50万,0.89%,52.98,0.22%,100.77亿
SH688551,科威尔,66.71,-0.08,-0.12%,+36.70%,61.01万,4051.77万,1.97%,69.71,0.56%,53.57亿
SH688371,菲沃泰,17.30,-0.02,-0.12%,,87.10万,1498.40万,1.11%,390.49,0.00%,58.04亿
SH688776,国光电气,125.65,-0.19,-0.15%,,34.09万,4258.60万,1.43%,67.15,0.00%,97.27亿
SH688300,联瑞新材,62.48,-0.11,-0.18%,+28.35%,52.42万,3247.30万,0.42%,44.69,0.73%,77.89亿
SH688312,燕麦科技,16.19,-0.03,-0.18%,+4.38%,102.32万,1657.60万,1.47%,32.08,1.24%,23.45亿
SH688011,新光光电,24.25,-0.06,-0.25%,+12.48%,51.68万,1248.50万,0.93%,-,0.00%,24.25亿
SH688381,帝奥微,34.81,-0.09,-0.26%,,77.77万,2680.32万,1.31%,73.60,0.75%,87.79亿
SH688083,中望软件,192.34,-0.66,-0.34%,,47.49万,9024.64万,0.97%,1997.44,0.26%,166.71亿
SH688060,云涌科技,53.87,-0.23,-0.43%,,25.13万,1340.04万,0.95%,217.59,0.00%,32.41亿
SH688100,威胜信息,27.15,-0.13,-0.48%,+18.96%,169.60万,4576.90万,0.35%,31.85,1.22%,135.75亿
SH688389,普门科技,25.00,-0.12,-0.48%,+40.21%,113.84万,2853.53万,0.27%,39.05,0.95%,106.39亿
SH688198,佰仁医疗,110.86,-0.54,-0.48%,,19.79万,2192.44万,0.15%,161.33,0.45%,150.41亿
SH688571,杭华股份,8.04,-0.04,-0.50%,+15.02%,167.29万,1348.68万,0.89%,30.72,1.99%,25.73亿
SH688157,松井股份,72.51,-0.37,-0.51%,,46.41万,3363.18万,1.32%,88.68,0.43%,57.87亿
SH688047,龙芯中科,133.35,-0.70,-0.52%,+56.06%,151.90万,2.03亿,4.63%,-,0.00%,534.73亿
SH688004,博汇科技,33.70,-0.18,-0.53%,+62.64%,168.93万,5674.44万,4.24%,-,0.00%,19.14亿
SH688108,赛诺医疗,10.90,-0.06,-0.55%,+90.89%,2835.79万,3.08亿,6.92%,-,0.00%,44.69亿
SH688211,中科微至,41.75,-0.24,-0.57%,+0.34%,65.36万,2713.87万,1.02%,-,0.00%,54.95亿
SH688333,DR铂力特,86.10,-0.49,-0.57%,,81.52万,7011.14万,0.51%,165.04,0.08%,137.66亿
SH688192,迪哲医药...,44.70,-0.26,-0.58%,+13.54%,51.61万,2290.92万,1.33%,-,0.00%,182.44亿
SH688147,微导纳米,43.41,-0.27,-0.62%,+73.09%,217.98万,9552.52万,5.80%,391.01,0.00%,197.28亿
SH688420,美腾科技,40.00,-0.25,-0.62%,,45.07万,1787.28万,2.22%,28.01,0.88%,35.37亿
SH688619,罗普特,15.49,-0.10,-0.64%,+49.81%,309.59万,4788.94万,3.46%,-,0.00%,29.07亿
SH688316,青云科技...,49.78,-0.32,-0.64%,+76.27%,195.66万,9704.65万,5.49%,-,0.00%,23.63亿
SH688065,凯赛生物,53.65,-0.35,-0.65%,,74.64万,3975.94万,0.28%,71.75,0.34%,312.93亿
SH688332,中科蓝讯,78.96,-0.54,-0.68%,+54.16%,172.32万,1.35亿,5.92%,63.10,1.27%,94.75亿
SH688569,铁科轨道,36.27,-0.25,-0.68%,+106.20%,480.60万,1.73亿,3.65%,23.22,0.96%,76.41亿
SH688229,博睿数据,53.99,-0.37,-0.68%,+58.56%,29.72万,1581.38万,1.41%,-,0.00%,23.97亿
SH688456,有研粉材,30.18,-0.22,-0.72%,,62.15万,1868.41万,0.96%,61.74,0.66%,31.28亿
SH688001,华兴源创,37.58,-0.31,-0.82%,+39.70%,219.93万,8242.28万,0.53%,52.23,0.80%,165.57亿
SH688318,财富趋势,156.51,-1.31,-0.83%,+75.56%,176.04万,2.72亿,3.92%,88.59,0.32%,146.08亿
SH688080,映翰通,57.38,-0.49,-0.85%,+39.68%,92.88万,5301.71万,2.23%,38.82,0.24%,30.17亿
SH688095,福昕软件,153.70,-1.33,-0.86%,+147.19%,188.98万,2.91亿,4.74%,-,0.33%,101.75亿
SH688227,品高股份,23.67,-0.21,-0.88%,+20.58%,171.53万,4034.96万,2.77%,59.65,0.53%,26.76亿
SH688373,盟科药业...,8.88,-0.08,-0.89%,+0.23%,501.19万,4434.14万,4.02%,-,0.00%,58.18亿
SH688739,成大生物,35.24,-0.32,-0.90%,+15.84%,270.42万,9486.44万,1.51%,21.27,2.84%,146.76亿
SH688097,博众精工,28.63,-0.27,-0.93%,+0.10%,52.19万,1487.70万,1.01%,34.09,0.00%,127.20亿
SH688498,源杰科技,214.50,-2.04,-0.94%,+79.45%,91.60万,1.97亿,7.23%,146.68,0.30%,129.98亿
SH688045,必易微,55.80,-0.53,-0.94%,+2.01%,59.83万,3354.80万,3.91%,594.87,0.00%,38.53亿
SH688435,英方软件,106.00,-1.02,-0.95%,+174.19%,29.22万,3089.69万,1.66%,209.91,0.00%,88.51亿
SH688400,凌云光,30.33,-0.31,-1.01%,+18.80%,569.86万,1.71亿,6.52%,66.20,0.41%,140.58亿
SH688023,安恒信息,183.04,-1.94,-1.05%,,98.20万,1.79亿,1.25%,-,0.00%,144.28亿
SH688608,恒玄科技,145.10,-1.56,-1.06%,+27.28%,166.35万,2.39亿,2.10%,175.60,0.00%,174.12亿
SH688478,晶升股份,43.76,-0.48,-1.08%,+34.56%,385.40万,1.64亿,13.48%,158.71,-,60.55亿
SH688484,南芯科技,39.67,-0.46,-1.15%,,222.17万,8752.18万,4.06%,112.69,-,168.01亿
SH688588,凌志软件,15.10,-0.18,-1.18%,+48.77%,474.46万,7094.12万,1.63%,41.55,1.32%,60.40亿
SH688580,伟思医疗,68.78,-0.83,-1.19%,+29.29%,81.60万,5572.04万,3.29%,44.15,1.00%,47.20亿
SH688766,普冉股份,154.85,-1.95,-1.24%,+1.91%,57.84万,8966.47万,2.00%,582.32,0.13%,78.54亿
SH688577,浙海德曼,42.00,-0.53,-1.25%,,50.26万,2128.01万,2.63%,41.85,0.71%,22.72亿
SH688110,东芯股份,31.17,-0.40,-1.27%,+19.11%,955.25万,2.94亿,3.80%,336.63,0.40%,137.85亿
SH688141,杰华特,38.20,-0.50,-1.29%,,220.35万,8324.50万,4.46%,599.61,0.00%,170.71亿
SH688172,燕东微,21.96,-0.29,-1.30%,+15.70%,535.24万,1.17亿,4.47%,65.76,0.00%,263.32亿
SH688081,兴图新科,22.45,-0.30,-1.32%,+35.57%,148.81万,3318.64万,2.96%,-,0.00%,16.52亿
SH688522,纳睿雷达,50.03,-0.67,-1.32%,+8.25%,147.59万,7321.52万,4.12%,72.17,1.00%,77.38亿
SH688290,景业智能,63.14,-0.87,-1.36%,+5.76%,15.20万,961.65万,0.34%,49.87,0.66%,62.43亿
SH688009,中国通号,5.75,-0.08,-1.37%,+20.04%,4786.14万,2.73亿,0.56%,16.62,2.96%,608.91亿
SH688161,威高骨科,48.87,-0.70,-1.41%,,104.54万,5103.69万,1.39%,33.71,0.84%,195.48亿
SH688511,天微电子,32.65,-0.53,-1.60%,+14.88%,70.69万,2293.58万,1.73%,67.22,0.00%,26.12亿
SH688486,龙迅股份,90.88,-1.62,-1.75%,+40.33%,118.78万,1.06亿,7.99%,119.96,0.33%,62.94亿
SH688051,佳华科技,32.89,-0.59,-1.76%,+6.20%,83.33万,2727.24万,1.22%,-,0.00%,25.44亿
SH688099,晶晨股份,78.20,-1.44,-1.81%,+10.91%,423.69万,3.36亿,1.02%,66.72,0.00%,324.74亿
SH688787,海天瑞声,147.10,-2.90,-1.93%,+146.44%,266.62万,3.88亿,9.31%,983.73,0.41%,62.96亿
SH688007,光峰科技,21.25,-0.42,-1.94%,,271.76万,5770.65万,0.59%,84.29,0.25%,97.14亿
SH688521,芯原股份,77.28,-1.55,-1.97%,+75.36%,457.64万,3.53亿,2.20%,-,0.00%,385.27亿
SH688114,华大智造,76.28,-1.53,-1.97%,,127.65万,9708.34万,3.79%,20.66,0.47%,317.05亿
SH688109,品茗科技,39.60,-0.80,-1.98%,+39.93%,158.78万,6302.08万,5.95%,-,0.00%,21.53亿
SH688139,海尔生物,65.44,-1.37,-2.05%,+3.38%,144.54万,9418.14万,0.45%,33.30,0.69%,208.07亿
SH688365,光云科技,17.17,-0.37,-2.11%,+117.34%,1097.10万,1.86亿,2.98%,-,0.00%,73.11亿
SH688244,永信至诚,92.00,-2.00,-2.13%,+68.81%,35.76万,3279.06万,3.59%,83.66,0.36%,43.08亿
SH688526,科前生物,24.25,-0.53,-2.14%,+8.26%,338.44万,8120.73万,2.71%,24.89,0.78%,113.06亿
SH688302,海创药业...,68.72,-1.59,-2.26%,+70.44%,44.91万,3118.31万,1.89%,-,0.00%,68.04亿
SH688220,翱捷科技...,69.00,-1.60,-2.27%,+13.69%,307.21万,2.12亿,1.37%,-,0.00%,288.63亿
SH688515,裕太微-U,146.14,-3.42,-2.29%,+58.85%,89.42万,1.31亿,4.91%,-,0.00%,116.91亿
SH688197,首药控股...,57.60,-1.43,-2.42%,+137.23%,80.24万,4575.06万,1.58%,-,0.00%,85.66亿
SH688590,新致软件,14.90,-0.38,-2.49%,+55.53%,1149.86万,1.71亿,7.15%,-,0.00%,35.57亿
SH688475,萤石网络,45.08,-1.16,-2.51%,+73.85%,282.60万,1.25亿,3.37%,71.22,0.67%,253.58亿
SH688118,普元信息,22.47,-0.60,-2.60%,+27.02%,131.97万,2963.58万,1.38%,-,0.00%,21.44亿
SH688258,卓易信息,86.10,-2.40,-2.71%,+110.51%,202.47万,1.70亿,2.33%,179.53,0.09%,74.87亿
SH688416,恒烁股份,55.10,-1.66,-2.92%,+44.96%,159.95万,8877.61万,8.49%,-,0.00%,45.53亿
SH688679,通源环境,14.97,-0.48,-3.11%,+38.48%,139.77万,2094.19万,2.34%,42.62,0.69%,19.71亿
SH688655,迅捷兴,13.59,-0.47,-3.34%,+18.69%,247.71万,3381.80万,3.54%,36.63,0.55%,18.13亿
SH688609,九联科技,8.57,-0.30,-3.38%,+30.05%,1968.18万,1.68亿,6.04%,68.89,0.44%,42.85亿
SH688292,浩瀚深度,36.24,-1.28,-3.41%,+136.09%,355.78万,1.30亿,9.85%,116.97,0.28%,56.95亿
SH688256,寒武纪-U,188.45,-7.55,-3.85%,+245.40%,1771.46万,32.94亿,7.31%,-,0.00%,781.35亿
SH688262,国芯科技,51.84,-2.16,-4.00%,+23.99%,994.89万,5.12亿,5.32%,250.09,0.48%,124.42亿
SH688232,新点软件,44.37,-1.85,-4.00%,,278.33万,1.24亿,2.87%,28.00,1.35%,146.42亿
SH688088,虹软科技,34.60,-1.58,-4.37%,+53.71%,654.77万,2.27亿,1.61%,228.59,0.36%,140.48亿
SH688369,致远互联,77.89,-3.75,-4.59%,+13.13%,91.21万,7132.27万,1.18%,73.99,0.39%,60.18亿
SH688469,C中芯-U,5.75,-0.29,-4.80%,+1.05%,2.12亿,12.10亿,20.36%,-,-,389.16亿
SH688506,百利天恒...,95.11,-4.89,-4.89%,+285.06%,137.07万,1.32亿,4.15%,-,0.00%,381.39亿
SH688012,中微公司,160.16,-8.42,-4.99%,+63.41%,1855.95万,29.71亿,3.00%,74.56,0.00%,990.11亿
SH688031,星环科技...,122.01,-6.57,-5.11%,+34.08%,215.40万,2.64亿,7.66%,-,0.00%,147.44亿
SH688058,宝兰德,54.58,-3.19,-5.52%,+33.58%,96.30万,5262.52万,1.72%,-,0.00%,30.56亿
SH688579,山大地纬,14.84,-0.94,-5.96%,+51.58%,1570.27万,2.33亿,5.57%,70.31,0.34%,59.36亿
SH688359,三孚新科,78.50,-4.98,-5.97%,+16.31%,144.39万,1.15亿,3.33%,-,0.00%,72.85亿
SH688039,当虹科技,55.17,-4.14,-6.98%,+46.49%,625.76万,3.50亿,7.79%,-,0.00%,44.31亿
SH688358,祥生医疗,57.75,-4.69,-7.51%,+67.88%,457.37万,2.68亿,4.96%,48.50,1.21%,64.75亿
SH688327,云从科技...,39.98,-3.63,-8.32%,+161.14%,2189.28万,9.07亿,27.82%,-,0.00%,296.12亿
SH688662,富信科技,33.35,-3.64,-9.84%,+25.94%,444.98万,1.51亿,8.24%,66.77,0.75%,29.43亿
